{
  "providers": [
    {
      "chars": [
        "\uE000"
      ],
      "file": "icons/logo_full.png",
      "ascent": 9,
      "height": 12,
      "type": "bitmap"
    },
    {
      "chars": [
        "\uE001"
      ],
      "file": "logo/quart_1.png",
      "ascent": 24,
      "height": 24,
      "type": "bitmap"
    },
    {
      "chars": [
        "\uE002"
      ],
      "file": "logo/quart_2.png",
      "ascent": 24,
      "height": 24,
      "type": "bitmap"
    },
    {
      "chars": [
        "\uE003"
      ],
      "file": "logo/quart_3.png",
      "ascent": 24,
      "height": 24,
      "type": "bitmap"
    },
    {
      "chars": [
        "\uE004"
      ],
      "file": "logo/quart_4.png",
      "ascent": 24,
      "height": 24,
      "type": "bitmap"
    },
    {
      "chars": [
        "\uE010"
      ],
      "file": "icons/logo_icon.png",
      "ascent": 8,
      "height": 8,
      "type": "bitmap"
    },
    {
      "chars": [
        "\uE011"
      ],
      "file": "icons/heart.png",
      "ascent": 8,
      "height": 8,
      "type": "bitmap"
    },
    {
      "chars": [
        "\uE012"
      ],
      "file": "icons/globe.png",
      "ascent": 7,
      "height": 7,
      "type": "bitmap"
    },
    {
      "chars": [
        "\uE013"
      ],
      "file": "custom/token.png",
      "ascent": 8,
      "height": 9,
      "type": "bitmap"
    },
    {
      "chars": [
        "\uE100"
      ],
      "file": "items/diamond.png",
      "ascent": 9,
      "height": 10,
      "type": "bitmap"
    }
  ]
}
